csv_name,times
list_1.csv,0
list_2.csv,0
list_3.csv,0
list_4.csv,0
list_5.csv,0
list_6.csv,0
list_7.csv,0
list_8.csv,0
list_9.csv,0
list_10.csv,0
list_11.csv,0
list_12.csv,0
list_13.csv,0
list_14.csv,0
list_15.csv,0
list_16.csv,0
list_17.csv,0
list_18.csv,0
list_19.csv,0
list_20.csv,0
list_21.csv,0
list_22.csv,0
list_23.csv,0
list_24.csv,0
list_25.csv,0
list_26.csv,0
list_27.csv,0
list_28.csv,0
list_29.csv,0
list_30.csv,0
list_31.csv,0
list_32.csv,0
list_33.csv,0
list_34.csv,0
list_35.csv,0
list_36.csv,0
list_37.csv,0
list_38.csv,0
list_39.csv,0
list_40.csv,0
list_41.csv,0
list_42.csv,0
list_43.csv,0
list_44.csv,0
list_45.csv,0
list_46.csv,0
list_47.csv,0
list_48.csv,0
list_49.csv,0
list_50.csv,0
list_51.csv,0
list_52.csv,0
list_53.csv,0
list_54.csv,0
list_55.csv,0
list_56.csv,0
list_57.csv,0
list_58.csv,0
list_59.csv,0
list_60.csv,0
list_61.csv,0
list_62.csv,0
list_63.csv,0
list_64.csv,0
list_65.csv,0
list_66.csv,0
list_67.csv,0
list_68.csv,0
list_69.csv,0
list_70.csv,0
list_71.csv,0
list_72.csv,0
list_73.csv,0
list_74.csv,0
list_75.csv,0
list_76.csv,0
list_77.csv,0
list_78.csv,0
list_79.csv,0
list_80.csv,0
list_81.csv,0
list_82.csv,0
list_83.csv,0
list_84.csv,0
list_85.csv,0
list_86.csv,0
list_87.csv,0
list_88.csv,0
list_89.csv,0
list_90.csv,0
list_91.csv,0
list_92.csv,0
list_93.csv,0
list_94.csv,0
list_95.csv,0
list_96.csv,0
list_97.csv,0
list_98.csv,0
list_99.csv,0
list_100.csv,0
list_101.csv,0
list_102.csv,0
list_103.csv,0
list_104.csv,0
list_105.csv,0
list_106.csv,0
list_107.csv,0
list_108.csv,0
list_109.csv,0
list_110.csv,0
list_111.csv,0
list_112.csv,0
list_113.csv,0
list_114.csv,0
list_115.csv,0
list_116.csv,0
list_117.csv,0
list_118.csv,0
list_119.csv,0
list_120.csv,0
list_121.csv,0
list_122.csv,0
list_123.csv,0
list_124.csv,0
list_125.csv,0
list_126.csv,0
list_127.csv,0
list_128.csv,0
list_129.csv,0
list_130.csv,0
list_131.csv,0
list_132.csv,0
list_133.csv,0
list_134.csv,0
list_135.csv,0
list_136.csv,0
list_137.csv,0
list_138.csv,0
list_139.csv,0
list_140.csv,0
list_141.csv,0
list_142.csv,0
list_143.csv,0
list_144.csv,0
list_145.csv,0
list_146.csv,0
list_147.csv,0
list_148.csv,0
list_149.csv,0
list_150.csv,0
list_151.csv,0
list_152.csv,0
list_153.csv,0
list_154.csv,0
list_155.csv,0
list_156.csv,0
list_157.csv,0
list_158.csv,0
list_159.csv,0
list_160.csv,0
list_161.csv,0
list_162.csv,0
list_163.csv,0
list_164.csv,0
list_165.csv,0
list_166.csv,0
list_167.csv,0
list_168.csv,0
list_169.csv,0
list_170.csv,0
list_171.csv,0
list_172.csv,0
list_173.csv,0
list_174.csv,0
list_175.csv,0
list_176.csv,0
list_177.csv,0
list_178.csv,0
list_179.csv,0
list_180.csv,0
list_181.csv,0
list_182.csv,0
list_183.csv,0
list_184.csv,0
list_185.csv,0
list_186.csv,0
list_187.csv,0
list_188.csv,0
list_189.csv,0
list_190.csv,0
list_191.csv,0
list_192.csv,0
list_193.csv,0
list_194.csv,0
list_195.csv,0
list_196.csv,0
list_197.csv,0
list_198.csv,0
list_199.csv,0
list_200.csv,0
list_201.csv,0
list_202.csv,0
list_203.csv,1
list_204.csv,0
list_205.csv,0
list_206.csv,0
list_207.csv,0
list_208.csv,0
list_209.csv,0
list_210.csv,0
list_211.csv,0
list_212.csv,0
list_213.csv,0
list_214.csv,0
list_215.csv,0
list_216.csv,0
list_217.csv,0
list_218.csv,0
list_219.csv,0
list_220.csv,0
list_221.csv,0
list_222.csv,0
list_223.csv,0
list_224.csv,0
list_225.csv,0
list_226.csv,0
list_227.csv,0
list_228.csv,0
list_229.csv,0
list_230.csv,0
list_231.csv,0
list_232.csv,0
list_233.csv,0
list_234.csv,0
list_235.csv,0
list_236.csv,0
list_237.csv,0
list_238.csv,0
list_239.csv,0
list_240.csv,0
list_241.csv,0
list_242.csv,0
list_243.csv,0
list_244.csv,0
list_245.csv,0
list_246.csv,0
list_247.csv,0
list_248.csv,0
list_249.csv,0
list_250.csv,0
list_251.csv,0
list_252.csv,0
list_253.csv,0
list_254.csv,0
list_255.csv,0
list_256.csv,0
list_257.csv,0
list_258.csv,0
list_259.csv,0
list_260.csv,0
list_261.csv,0
list_262.csv,0
list_263.csv,0
list_264.csv,0
list_265.csv,0
list_266.csv,0
list_267.csv,0
list_268.csv,0
list_269.csv,0
list_270.csv,0
list_271.csv,0
list_272.csv,0
list_273.csv,0
list_274.csv,0
list_275.csv,0
list_276.csv,0
list_277.csv,0
list_278.csv,0
list_279.csv,0
list_280.csv,0
list_281.csv,0
list_282.csv,0
list_283.csv,0
list_284.csv,0
list_285.csv,0
list_286.csv,0
list_287.csv,0
list_288.csv,0
list_289.csv,0
list_290.csv,0
list_291.csv,0
list_292.csv,0
list_293.csv,0
list_294.csv,0
list_295.csv,0
list_296.csv,0
list_297.csv,0
list_298.csv,0
list_299.csv,0
list_300.csv,0
list_301.csv,0
list_302.csv,0
list_303.csv,0
list_304.csv,0
list_305.csv,0
list_306.csv,0
list_307.csv,0
list_308.csv,0
list_309.csv,0
list_310.csv,0
list_311.csv,0
list_312.csv,0
list_313.csv,0
list_314.csv,0
list_315.csv,0
list_316.csv,0
list_317.csv,0
list_318.csv,0
list_319.csv,0
list_320.csv,0
list_321.csv,0
list_322.csv,0
list_323.csv,0
list_324.csv,0
list_325.csv,0
list_326.csv,0
list_327.csv,0
list_328.csv,0
list_329.csv,0
list_330.csv,0
list_331.csv,0
list_332.csv,0
list_333.csv,0
list_334.csv,0
list_335.csv,0
list_336.csv,0
list_337.csv,0
list_338.csv,0
list_339.csv,0
list_340.csv,0
list_341.csv,0
list_342.csv,0
list_343.csv,0
list_344.csv,0
list_345.csv,0
list_346.csv,0
list_347.csv,0
list_348.csv,0
list_349.csv,0
list_350.csv,0
list_351.csv,0
list_352.csv,0
list_353.csv,0
list_354.csv,0
list_355.csv,0
list_356.csv,0
list_357.csv,0
list_358.csv,0
list_359.csv,0
list_360.csv,0
list_361.csv,0
list_362.csv,0
list_363.csv,0
list_364.csv,0
list_365.csv,0
list_366.csv,0
list_367.csv,0
list_368.csv,0
list_369.csv,0
list_370.csv,0
list_371.csv,0
